	Negativos	Neutros	Positivos	%Negativos	%Positivos	%Neutros
2018-08-01	2689	818	1285	0.5611435726210351	0.26815525876460766	0.17070116861435727
