	Negativos	Neutros	Positivos	%Negativos	%Positivos	%Neutros
2018-08-01	607	201	356	0.5214776632302406	0.30584192439862545	0.17268041237113402
