	Negativos	Neutros	Positivos	%Negativos	%Positivos	%Neutros
count	1.0	1.0	1.0	1.0	1.0	1.0
mean	3097.0	664.0	855.0	0.6709272097053726	0.18522530329289427	0.1438474870017331
std						
min	3097.0	664.0	855.0	0.6709272097053726	0.18522530329289427	0.1438474870017331
25%	3097.0	664.0	855.0	0.6709272097053726	0.18522530329289427	0.1438474870017331
50%	3097.0	664.0	855.0	0.6709272097053726	0.18522530329289427	0.1438474870017331
75%	3097.0	664.0	855.0	0.6709272097053726	0.18522530329289427	0.1438474870017331
max	3097.0	664.0	855.0	0.6709272097053726	0.18522530329289427	0.1438474870017331
