	Negativos	Neutros	Positivos	%Negativos	%Positivos	%Neutros
2018-08-01	3097	664	855	0.6709272097053726	0.18522530329289427	0.1438474870017331
