	Negativos	Neutros	Positivos	%Negativos	%Positivos	%Neutros
2018-08-01	736	254	203	0.6169321039396479	0.17015926236378875	0.2129086336965633
